id,pergunta,competencia,nivel_esperado,relevancia,especificidade,comunicacao,reflexao,resultado,nota_geral,pontos_fortes,pontos_a_melhorar,justificativa,resposta_bruta,status
resp_001,Conte sobre uma situação em que você precisou resolver um problema.,resolucao_de_problemas,5,5.0,4.0,5.0,2.0,5.0,4.0,"['Clareza na descrição do problema e solução', 'Organização de tarefas em equipe', 'Entrega no prazo']","['Falta de reflexão sobre aprendizados', 'Pouca profundidade nos detalhes da solução', 'Não menciona métricas de sucesso']","A resposta demonstra claramente que o candidato identificou e resolveu um problema em contexto de trabalho em grupo, cumprindo o prazo. A comunicação é direta e compreensível, e o resultado final foi positivo. No entanto, a resposta carece de reflexão sobre o que foi aprendido ou sobre a eficácia das ações tomadas, além de não detalhar métricas ou impactos mais profundos da solução. Por isso, a avaliação geral é alta, mas com espaço para melhorias na reflexão e especificidade.","{""relevancia"":5,""especificidade"":4,""comunicacao"":5,""reflexao"":2,""resultado"":5,""nota_geral"":4,""pontos_fortes"":[""Clareza na descrição do problema e solução"",""Organização de tarefas em equipe"",""Entrega no prazo""],""pontos_a_melhorar"":[""Falta de reflexão sobre aprendizados"",""Pouca profundidade nos detalhes da solução"",""Não menciona métricas de sucesso""],""justificativa"":""A resposta demonstra claramente que o candidato identificou e resolveu um problema em contexto de trabalho em grupo, cumprindo o prazo. A comunicação é direta e compreensível, e o resultado final foi positivo. No entanto, a resposta carece de reflexão sobre o que foi aprendido ou sobre a eficácia das ações tomadas, além de não detalhar métricas ou impactos mais profundos da solução. Por isso, a avaliação geral é alta, mas com espaço para melhorias na reflexão e especificidade.""}",sucesso
resp_002,Conte sobre uma situação em que você precisou resolver um problema.,resolucao_de_problemas,3,4.0,2.0,3.0,1.0,2.0,2.0,"['Respondeu à pergunta', 'Menciona que utilizou pesquisa online para resolver o problema', 'Comunicação clara e direta']","['Falta detalhes sobre o problema e os passos tomados', 'Não há reflexão sobre aprendizados ou melhorias', 'Não descreve o resultado de forma concreta']","A resposta atende à pergunta de forma geral, mas carece de profundidade e reflexão, resultando em baixa especificidade e reflexão, e uma nota geral moderada.","{""relevancia"":4,""especificidade"":2,""comunicacao"":3,""reflexao"":1,""resultado"":2,""nota_geral"":2,""pontos_fortes"":[""Respondeu à pergunta"",""Menciona que utilizou pesquisa online para resolver o problema"",""Comunicação clara e direta""],""pontos_a_melhorar"":[""Falta detalhes sobre o problema e os passos tomados"",""Não há reflexão sobre aprendizados ou melhorias"",""Não descreve o resultado de forma concreta""],""justificativa"":""A resposta atende à pergunta de forma geral, mas carece de profundidade e reflexão, resultando em baixa especificidade e reflexão, e uma nota geral moderada.""}",sucesso
resp_003,Conte sobre uma situação em que você precisou resolver um problema.,resolucao_de_problemas,1,1.0,1.0,2.0,1.0,1.0,1.0,['Honestidade'],"['Descrever uma situação concreta de resolução de problemas', 'Mostrar iniciativa e ação própria']","A resposta não descreve nenhuma situação em que o candidato resolveu um problema, apenas menciona que costuma depender de outros. Isso resulta em baixa relevância, especificidade, reflexão e resultado. A comunicação é mínima, mas clara, justificando a pontuação de 2. O ponto forte é a honestidade em reconhecer a limitação.","{""relevancia"":1,""especificidade"":1,""comunicacao"":2,""reflexao"":1,""resultado"":1,""nota_geral"":1,""pontos_fortes"":[""Honestidade""],""pontos_a_melhorar"":[""Descrever uma situação concreta de resolução de problemas"",""Mostrar iniciativa e ação própria""],""justificativa"":""A resposta não descreve nenhuma situação em que o candidato resolveu um problema, apenas menciona que costuma depender de outros. Isso resulta em baixa relevância, especificidade, reflexão e resultado. A comunicação é mínima, mas clara, justificando a pontuação de 2. O ponto forte é a honestidade em reconhecer a limitação.""}",sucesso
resp_004,Fale sobre uma situação em que você trabalhou em equipe.,trabalho_em_equipe,5,4.0,3.0,4.0,2.0,4.0,3.0,"['Organizou reunião para alinhar tarefas', 'Ajudou um colega em dificuldade', 'Entregou o projeto em equipe']","['Faltou detalhar os desafios enfrentados', 'Não refletiu sobre aprendizados ou melhorias futuras', 'Pouca informação sobre métricas de sucesso']","A resposta demonstra ações concretas de colaboração e entrega de resultados, mas carece de profundidade na descrição dos desafios, reflexões e métricas que poderiam evidenciar um entendimento mais robusto da competência de trabalho em equipe.","{""relevancia"":4,""especificidade"":3,""comunicacao"":4,""reflexao"":2,""resultado"":4,""nota_geral"":3,""pontos_fortes"":[""Organizou reunião para alinhar tarefas"",""Ajudou um colega em dificuldade"",""Entregou o projeto em equipe""],""pontos_a_melhorar"":[""Faltou detalhar os desafios enfrentados"",""Não refletiu sobre aprendizados ou melhorias futuras"",""Pouca informação sobre métricas de sucesso""],""justificativa"":""A resposta demonstra ações concretas de colaboração e entrega de resultados, mas carece de profundidade na descrição dos desafios, reflexões e métricas que poderiam evidenciar um entendimento mais robusto da competência de trabalho em equipe.""}",sucesso
resp_005,Fale sobre uma situação em que você trabalhou em equipe.,trabalho_em_equipe,3,2.0,1.0,2.0,1.0,1.0,1.0,['Respondeu à pergunta'],"['Falta detalhes sobre a situação', 'Não há reflexão sobre o papel individual ou coletivo', 'Não há menção de resultados ou aprendizados']","A resposta é extremamente breve e não fornece informações específicas sobre a situação, o papel desempenhado, os desafios enfrentados ou os resultados obtidos. Embora seja relevante ao tema, a falta de profundidade e reflexão impede uma avaliação positiva em todas as dimensões.","{""relevancia"":2,""especificidade"":1,""comunicacao"":2,""reflexao"":1,""resultado"":1,""nota_geral"":1,""pontos_fortes"":[""Respondeu à pergunta""],""pontos_a_melhorar"":[""Falta detalhes sobre a situação"",""Não há reflexão sobre o papel individual ou coletivo"",""Não há menção de resultados ou aprendizados""],""justificativa"":""A resposta é extremamente breve e não fornece informações específicas sobre a situação, o papel desempenhado, os desafios enfrentados ou os resultados obtidos. Embora seja relevante ao tema, a falta de profundidade e reflexão impede uma avaliação positiva em todas as dimensões.""}",sucesso
resp_006,Fale sobre uma situação em que você trabalhou em equipe.,trabalho_em_equipe,1,1.0,1.0,2.0,1.0,1.0,1.0,['Clarity of expression'],"['Does not address teamwork', 'Lacks detail', 'No reflection on teamwork']","The response does not address the question about teamwork, lacks specificity, reflection, and results. It only states a preference for working alone, which is irrelevant to the competency.","{""relevancia"":1,""especificidade"":1,""comunicacao"":2,""reflexao"":1,""resultado"":1,""nota_geral"":1,""pontos_fortes"":[""Clarity of expression""],""pontos_a_melhorar"":[""Does not address teamwork"",""Lacks detail"",""No reflection on teamwork""],""justificativa"":""The response does not address the question about teamwork, lacks specificity, reflection, and results. It only states a preference for working alone, which is irrelevant to the competency.""}",sucesso
resp_007,Como você lida com um prazo curto?,organizacao,5,4.0,3.0,4.0,3.0,3.0,4.0,"['Verifica tudo o que precisa ser feito', 'Separa tarefas por prioridade', 'Comunica riscos antecipadamente']","['Falta detalhamento de como prioriza', 'Não menciona métricas de sucesso', 'Não descreve ações concretas']","A resposta demonstra boa organização e comunicação, mas carece de detalhes específicos sobre a priorização e métricas de resultado, o que limita a avaliação completa da competência.","{""relevancia"":4,""especificidade"":3,""comunicacao"":4,""reflexao"":3,""resultado"":3,""nota_geral"":4,""pontos_fortes"":[""Verifica tudo o que precisa ser feito"",""Separa tarefas por prioridade"",""Comunica riscos antecipadamente""],""pontos_a_melhorar"":[""Falta detalhamento de como prioriza"",""Não menciona métricas de sucesso"",""Não descreve ações concretas""],""justificativa"":""A resposta demonstra boa organização e comunicação, mas carece de detalhes específicos sobre a priorização e métricas de resultado, o que limita a avaliação completa da competência.""}",sucesso
resp_008,Como você lida com um prazo curto?,organizacao,3,4.0,2.0,3.0,2.0,2.0,3.0,['Prioriza as tarefas mais importantes quando o prazo é curto'],['Falta de detalhes sobre como organiza as tarefas; ausência de exemplos concretos; pouca reflexão sobre estratégias de melhoria; não menciona resultados obtidos'],"A resposta demonstra entendimento da necessidade de priorizar, mas carece de especificidade e reflexão aprofundada. A comunicação é clara, porém breve, e não há menção a resultados ou aprendizados que evidenciem eficácia no manejo de prazos curtos.","{""relevancia"":4,""especificidade"":2,""comunicacao"":3,""reflexao"":2,""resultado"":2,""nota_geral"":3,""pontos_fortes"":[""Prioriza as tarefas mais importantes quando o prazo é curto""],""pontos_a_melhorar"":[""Falta de detalhes sobre como organiza as tarefas; ausência de exemplos concretos; pouca reflexão sobre estratégias de melhoria; não menciona resultados obtidos""],""justificativa"":""A resposta demonstra entendimento da necessidade de priorizar, mas carece de especificidade e reflexão aprofundada. A comunicação é clara, porém breve, e não há menção a resultados ou aprendizados que evidenciem eficácia no manejo de prazos curtos.""}",sucesso
resp_009,Como você lida com um prazo curto?,organizacao,1,,,,,,,,,,,"erro_api: Error code: 402 - {'error': 'You have depleted your monthly included credits. Purchase pre-paid credits to continue using Inference Providers. Alternatively, subscribe to PRO to get 20x more included usage.'}"
